{"name":"c3f87cab-09c7-4809-b887-3104eaf46d5b","id":"/providers/Microsoft.Flow/flows/c3f87cab-09c7-4809-b887-3104eaf46d5b","type":"Microsoft.Flow/flows","properties":{"apiId":"/providers/Microsoft.PowerApps/apis/shared_logicflows","displayName":"SharePoint Compose","definition":{"metadata":{"workflowEntityId":null,"processAdvisorMetadata":null,"flowclientsuspensionreason":"None","flowclientsuspensiontime":null,"creator":{"id":"c7fc42c0-9179-448a-b205-05851b40617e","type":"User","tenantId":"6a74b80a-35a5-4514-acfb-4c3999eff063"},"provisioningMethod":"FromDefinition","failureAlertSubscription":true,"clientLastModifiedTime":"2021-09-21T12:05:10.3834333Z"},"$schema":"https://schema.management.azure.com/providers/Microsoft.Logic/schemas/2016-06-01/workflowdefinition.json#","contentVersion":"1.0.0.0","parameters":{"$connections":{"defaultValue":{},"type":"Object"},"$authentication":{"defaultValue":{},"type":"SecureObject"}},"triggers":{"When_an_item_or_a_file_is_modified":{"recurrence":{"frequency":"Minute","interval":1},"splitOn":"@triggerOutputs()?['body/value']","type":"OpenApiConnection","inputs":{"host":{"apiId":"/providers/Microsoft.PowerApps/apis/shared_sharepointonline","connectionName":"shared_sharepointonline","operationId":"GetOnChangedItems"},"parameters":{"dataset":"https://m365x729848.sharepoint.com/sites/Inhouse","table":"30eaeb27-76f8-4b4f-944e-543226a687dc","folderPath":"/Freigegebene Dokumente"},"authentication":"@parameters('$authentication')"}}},"actions":{"Send_an_email_(V2)_--_Initiator":{"runAfter":{"Compose_--_Uri_txtURL":["Succeeded"]},"type":"OpenApiConnection","inputs":{"host":{"apiId":"/providers/Microsoft.PowerApps/apis/shared_office365","connectionName":"shared_office365","operationId":"SendEmailV2"},"parameters":{"emailMessage/To":"admin@M365x729848.OnMicrosoft.com","emailMessage/Subject":"test","emailMessage/Body":"<p>@{outputs('Compose_--_Uri_txtURL')}</p>"},"authentication":"@parameters('$authentication')"},"description":"Liebesbrief aus Moskau"},"Get_file_content":{"runAfter":{},"type":"OpenApiConnection","inputs":{"host":{"apiId":"/providers/Microsoft.PowerApps/apis/shared_sharepointonline","connectionName":"shared_sharepointonline","operationId":"GetFileContent"},"parameters":{"dataset":"https://m365x729848.sharepoint.com/sites/Inhouse","id":"@triggerOutputs()?['body/{Identifier}']","inferContentType":true},"authentication":"@parameters('$authentication')"}},"Get_file_metadata":{"runAfter":{"Get_file_content":["Succeeded"]},"type":"OpenApiConnection","inputs":{"host":{"apiId":"/providers/Microsoft.PowerApps/apis/shared_sharepointonline","connectionName":"shared_sharepointonline","operationId":"GetFileMetadata"},"parameters":{"dataset":"https://m365x729848.sharepoint.com/sites/Inhouse","id":"@triggerOutputs()?['body/{Identifier}']"},"authentication":"@parameters('$authentication')"}},"Initialize_variable_--_txtURL":{"runAfter":{"Get_file_metadata":["Succeeded"]},"type":"InitializeVariable","inputs":{"variables":[{"name":"txtURL","type":"string","value":"@outputs('Get_file_metadata')?['body/Path']"}]},"description":"aus <span...> mache \"https:/...\""},"Compose_--_Uri_txtURL":{"runAfter":{"Initialize_variable_--_txtURL":["Succeeded"]},"type":"Compose","inputs":"@encodeUriComponent(variables('txtURL'))","description":"ASCII <> UTF-8 ; \"safe link\""},"Update_file_properties":{"runAfter":{"Send_an_email_(V2)_--_Initiator":["Succeeded"]},"type":"OpenApiConnection","inputs":{"host":{"apiId":"/providers/Microsoft.PowerApps/apis/shared_sharepointonline","connectionName":"shared_sharepointonline","operationId":"PatchFileItem"},"parameters":{"dataset":"https://m365x729848.sharepoint.com/sites/Inhouse","table":"30eaeb27-76f8-4b4f-944e-543226a687dc","id":"@triggerOutputs()?['body/ID']"},"authentication":"@parameters('$authentication')"}},"Update_file":{"runAfter":{"Update_file_properties":["Succeeded"]},"type":"OpenApiConnection","inputs":{"host":{"apiId":"/providers/Microsoft.PowerApps/apis/shared_sharepointonline","connectionName":"shared_sharepointonline","operationId":"UpdateFile"},"parameters":{"dataset":"https://m365x729848.sharepoint.com/sites/Inhouse","id":"@triggerOutputs()?['body/{Identifier}']","body":"@outputs('Get_file_content')?['body']"},"authentication":"@parameters('$authentication')"}}},"outputs":{}},"connectionReferences":{"shared_office365":{"connectionName":"shared-office365-12f1d3c9-5537-4286-92fb-8fe6-4be97dc6","source":"Embedded","id":"/providers/Microsoft.PowerApps/apis/shared_office365","tier":"NotSpecified"},"shared_sharepointonline":{"connectionName":"shared-sharepointonl-1dc87e29-6dd8-4e68-a3e9-5cf3-fc79f965","source":"Embedded","id":"/providers/Microsoft.PowerApps/apis/shared_sharepointonline","tier":"NotSpecified"}},"flowFailureAlertSubscribed":false}}