{"name":"2f445dd0-e61f-4d41-a66d-d1033675cbb4","id":"/providers/Microsoft.Flow/flows/2f445dd0-e61f-4d41-a66d-d1033675cbb4","type":"Microsoft.Flow/flows","properties":{"apiId":"/providers/Microsoft.PowerApps/apis/shared_logicflows","displayName":"getDATA","definition":{"metadata":{"workflowEntityId":null,"processAdvisorMetadata":null,"flowclientsuspensionreason":"None","flowclientsuspensiontime":null,"creator":{"id":"c7fc42c0-9179-448a-b205-05851b40617e","type":"User","tenantId":"6a74b80a-35a5-4514-acfb-4c3999eff063"},"provisioningMethod":"FromDefinition","failureAlertSubscription":true,"clientLastModifiedTime":"2021-09-22T09:08:27.2575407Z"},"$schema":"https://schema.management.azure.com/providers/Microsoft.Logic/schemas/2016-06-01/workflowdefinition.json#","contentVersion":"1.0.0.0","parameters":{"$connections":{"defaultValue":{},"type":"Object"},"$authentication":{"defaultValue":{},"type":"SecureObject"}},"triggers":{"manual":{"type":"Request","kind":"PowerApp","inputs":{"schema":{"type":"object","properties":{"Initializevariable_Value":{"type":"string"}},"required":["Initializevariable_Value"]}}}},"actions":{"Initialize_variable_--_PlantName":{"runAfter":{},"type":"InitializeVariable","inputs":{"variables":[{"name":"PlantName","type":"string","value":"@triggerBody()['Initializevariable_Value']"}]}},"Respond_to_a_PowerApp_or_flow":{"runAfter":{"Apply_to_each":["Succeeded"]},"type":"Response","kind":"PowerApp","inputs":{"statusCode":200,"body":{"flowresponse":"@variables('txtData')"},"schema":{"type":"object","properties":{"flowresponse":{"title":"FlowResponse","x-ms-dynamically-added":true,"type":"string"}}}}},"Initialize_variable_--_Data_to_PowerApps":{"runAfter":{"Initialize_variable_--_PlantName":["Succeeded"]},"type":"InitializeVariable","inputs":{"variables":[{"name":"txtData","type":"string"}]}},"Get_items":{"runAfter":{"Initialize_variable_--_Data_to_PowerApps":["Succeeded"]},"type":"OpenApiConnection","inputs":{"host":{"apiId":"/providers/Microsoft.PowerApps/apis/shared_sharepointonline","connectionName":"shared_sharepointonline","operationId":"GetItems"},"parameters":{"dataset":"https://m365x729848.sharepoint.com/sites/Inhouse","table":"85cd9164-7412-41ff-881b-74a73eb447f9","$filter":"field_Plant_x0020_Name eq '@{variables('PlantName')}'","view":"b29b2a15-63ed-4df6-9529-bdf4b2653110"},"authentication":{"value":"@json(decodeBase64(triggerOutputs().headers['X-MS-APIM-Tokens']))['$ConnectionKey']","type":"Raw"}}},"Apply_to_each":{"foreach":"@outputs('Get_items')?['body/value']","actions":{"Append_to_string_variable":{"runAfter":{},"type":"AppendToStringVariable","inputs":{"name":"txtData","value":"@concat(items('Apply_to_each')?['field_County'], ',' ,\r\nitems('Apply_to_each')?['field_Company'], ',' ,\r\nitems('Apply_to_each')?['field_Plant_x0020_Name'], ',' ,\r\nitems('Apply_to_each')?['field_Energy_x0020_Source_x0020_Code'], ',' ,\r\nitems('Apply_to_each')?['field_Capacity_x0020__x0020_Megawatts_x0020_'], ',' ,\r\nitems('Apply_to_each')?['field_Initial_x0020_Date_x0020_of_x0020_Operation'], '|' )"}}},"runAfter":{"Get_items":["Succeeded"]},"type":"Foreach"}},"outputs":{}},"connectionReferences":{"shared_sharepointonline":{"connectionName":"shared-sharepointonl-1dc87e29-6dd8-4e68-a3e9-5cf3-fc79f965","source":"Invoker","id":"/providers/Microsoft.PowerApps/apis/shared_sharepointonline","tier":"NotSpecified"}},"flowFailureAlertSubscribed":false}}