{"name":"ba081f11-96e4-4619-a690-35915e6dbf1d","id":"/providers/Microsoft.Flow/flows/ba081f11-96e4-4619-a690-35915e6dbf1d","type":"Microsoft.Flow/flows","properties":{"apiId":"/providers/Microsoft.PowerApps/apis/shared_logicflows","displayName":"SharePoint_Button","definition":{"metadata":{"workflowEntityId":null,"processAdvisorMetadata":null,"flowclientsuspensionreason":"None","flowclientsuspensiontime":null,"creator":{"id":"c7fc42c0-9179-448a-b205-05851b40617e","type":"User","tenantId":"6a74b80a-35a5-4514-acfb-4c3999eff063"},"provisioningMethod":"FromDefinition","failureAlertSubscription":true,"clientLastModifiedTime":"2021-09-22T07:41:24.3237107Z"},"$schema":"https://schema.management.azure.com/providers/Microsoft.Logic/schemas/2016-06-01/workflowdefinition.json#","contentVersion":"1.0.0.0","parameters":{"$connections":{"defaultValue":{},"type":"Object"},"$authentication":{"defaultValue":{},"type":"SecureObject"}},"triggers":{"manual":{"splitOn":"@triggerBody()['rows']","type":"Request","kind":"ApiConnection","inputs":{"schema":{"type":"object","properties":{"rows":{"type":"array","items":{"type":"object","properties":{"text":{"title":"Grund","type":"string","x-ms-dynamically-added":true,"description":"Bitte sage Warum?","x-ms-content-hint":"TEXT","enum":["Feierabend","Wochenende"]},"boolean":{"title":"Boolean","type":"boolean","x-ms-dynamically-added":true,"description":"Please select yes or no","x-ms-content-hint":"BOOLEAN"},"entity":{"type":"object","properties":{"ID":{"title":"ID","type":"integer","format":"int64"}},"required":["ID"]}},"required":["text","boolean","entity"]}}},"required":["rows"]},"host":{"connection":{"name":"@parameters('$connections')['shared_sharepointonline']['connectionId']"},"api":{"runtimeUrl":"https://unitedstates-002.azure-apim.net/apim/sharepointonline"}},"operationId":"GetItemHybridTriggerSchema","parameters":{"dataset":"https://m365x729848.sharepoint.com/sites/Inhouse","table":"86013015-644f-48c3-aada-1a28e9cd225b"}}}},"actions":{"Initialize_variable_--_txtBoolean":{"runAfter":{"Condition_3":["Succeeded"]},"type":"InitializeVariable","inputs":{"variables":[{"name":"txtBoolean","type":"string","value":"@{triggerBody()['boolean']}"}]},"description":"aus Boolean mache STRING für IF-Clause"},"Get_item_--_Genehmigen":{"runAfter":{},"type":"OpenApiConnection","inputs":{"host":{"apiId":"/providers/Microsoft.PowerApps/apis/shared_sharepointonline","connectionName":"shared_sharepointonline","operationId":"GetItem"},"parameters":{"dataset":"https://m365x729848.sharepoint.com/sites/Inhouse","table":"86013015-644f-48c3-aada-1a28e9cd225b","id":"@triggerBody()?['entity']?['ID']"},"authentication":{"value":"@json(decodeBase64(triggerOutputs().headers['X-MS-APIM-Tokens']))['$ConnectionKey']","type":"Raw"}}},"Get_item_--_Kostenstelle":{"runAfter":{"Get_item_--_Genehmigen":["Succeeded"]},"type":"OpenApiConnection","inputs":{"host":{"apiId":"/providers/Microsoft.PowerApps/apis/shared_sharepointonline","connectionName":"shared_sharepointonline","operationId":"GetItem"},"parameters":{"dataset":"https://m365x729848.sharepoint.com/sites/Inhouse","table":"fef07fe1-3b6f-4fdb-9e19-154f749e28f9","id":"@outputs('Get_item_--_Genehmigen')?['body/Kostenstelle/Id']"},"authentication":{"value":"@json(decodeBase64(triggerOutputs().headers['X-MS-APIM-Tokens']))['$ConnectionKey']","type":"Raw"}}},"Get_user_profile_(V2)_--_Initiator":{"runAfter":{"Get_item_--_Kostenstelle":["Succeeded"]},"type":"OpenApiConnection","inputs":{"host":{"apiId":"/providers/Microsoft.PowerApps/apis/shared_office365users","connectionName":"shared_office365users","operationId":"UserProfile_V2"},"parameters":{"id":"@triggerOutputs()['headers']['x-ms-user-id']"},"authentication":{"value":"@json(decodeBase64(triggerOutputs().headers['X-MS-APIM-Tokens']))['$ConnectionKey']","type":"Raw"}}},"Get_user_profile_(V2)_--_Kostenstellen-Manager":{"runAfter":{"Get_user_profile_(V2)_--_Initiator":["Succeeded"]},"type":"OpenApiConnection","inputs":{"host":{"apiId":"/providers/Microsoft.PowerApps/apis/shared_office365users","connectionName":"shared_office365users","operationId":"UserProfile_V2"},"parameters":{"id":"@outputs('Get_item_--_Kostenstelle')?['body/Manager/Claims']"},"authentication":{"value":"@json(decodeBase64(triggerOutputs().headers['X-MS-APIM-Tokens']))['$ConnectionKey']","type":"Raw"}}},"Send_an_email_notification_(V3)":{"runAfter":{"Get_user_profile_(V2)_--_Kostenstellen-Manager":["Skipped","Failed","TimedOut"]},"type":"OpenApiConnection","inputs":{"host":{"apiId":"/providers/Microsoft.PowerApps/apis/shared_sendmail","connectionName":"shared_sendmail","operationId":"SendEmailV3"},"parameters":{"request/to":"@{outputs('Get_user_profile_(V2)_--_Initiator')?['body/mail']};","request/subject":"Kostenstellen-Inhaber konnte nicht bestimmt werden","request/text":"<p>@{outputs('Get_item_--_Kostenstelle')?['body/Title']} ; @{outputs('Get_user_profile_(V2)_--_Kostenstellen-Manager')?['body/displayName']}</p>"},"authentication":{"value":"@json(decodeBase64(triggerOutputs().headers['X-MS-APIM-Tokens']))['$ConnectionKey']","type":"Raw"}}},"Terminate":{"runAfter":{"Send_an_email_notification_(V3)":["Succeeded"]},"type":"Terminate","inputs":{"runStatus":"Succeeded"}},"Condition_2":{"actions":{},"runAfter":{"Get_user_profile_(V2)_--_Kostenstellen-Manager":["Succeeded"]},"else":{"actions":{"Send_an_email_notification_(V3)_2":{"runAfter":{},"type":"OpenApiConnection","inputs":{"host":{"apiId":"/providers/Microsoft.PowerApps/apis/shared_sendmail","connectionName":"shared_sendmail","operationId":"SendEmailV3"},"parameters":{"request/to":"@{outputs('Get_user_profile_(V2)_--_Initiator')?['body/mail']};","request/subject":"Kostenstellen-Inhaber konnte nicht bestimmt werden","request/text":"<p>@{outputs('Get_item_--_Kostenstelle')?['body/Title']} ; @{outputs('Get_user_profile_(V2)_--_Kostenstellen-Manager')?['body/displayName']}</p>"},"authentication":{"value":"@json(decodeBase64(triggerOutputs().headers['X-MS-APIM-Tokens']))['$ConnectionKey']","type":"Raw"}}},"Terminate_2":{"runAfter":{"Send_an_email_notification_(V3)_2":["Succeeded"]},"type":"Terminate","inputs":{"runStatus":"Succeeded"}}}},"expression":{"equals":["@outputs('Get_user_profile_(V2)_--_Kostenstellen-Manager')?['body/accountEnabled']",true]},"type":"If"},"Condition":{"actions":{"Send_an_email_(V2)":{"runAfter":{},"type":"OpenApiConnection","inputs":{"host":{"apiId":"/providers/Microsoft.PowerApps/apis/shared_office365","connectionName":"shared_office365","operationId":"SendEmailV2"},"parameters":{"emailMessage/To":"admin@M365x729848.OnMicrosoft.com","emailMessage/Subject":"Button","emailMessage/Body":"<p></p>"},"authentication":{"value":"@json(decodeBase64(triggerOutputs().headers['X-MS-APIM-Tokens']))['$ConnectionKey']","type":"Raw"}}}},"runAfter":{"Initialize_variable_--_txtBoolean":["Succeeded"]},"expression":{"equals":["@variables('txtBoolean')","True"]},"type":"If"},"Start_and_wait_for_an_approval":{"runAfter":{"Condition_2":["Succeeded"]},"type":"OpenApiConnectionWebhook","inputs":{"host":{"apiId":"/providers/Microsoft.PowerApps/apis/shared_approvals","connectionName":"shared_approvals","operationId":"StartAndWaitForAnApproval"},"parameters":{"approvalType":"BasicAwaitAll","WebhookApprovalCreationInput/title":"@triggerBody()['text']","WebhookApprovalCreationInput/assignedTo":"@{outputs('Get_user_profile_(V2)_--_Kostenstellen-Manager')?['body/mail']};","WebhookApprovalCreationInput/itemLink":"@outputs('Get_item_--_Genehmigen')?['body/{Link}']","WebhookApprovalCreationInput/enableNotifications":true,"WebhookApprovalCreationInput/enableReassignment":true},"authentication":{"value":"@json(decodeBase64(triggerOutputs().headers['X-MS-APIM-Tokens']))['$ConnectionKey']","type":"Raw"}}},"Condition_3":{"actions":{},"runAfter":{"Start_and_wait_for_an_approval":["Succeeded"]},"expression":{"equals":["@outputs('Start_and_wait_for_an_approval')?['body/outcome']","Approve"]},"type":"If"},"Delay":{"runAfter":{"Condition_2":["Succeeded"]},"type":"Wait","inputs":{"interval":{"count":3,"unit":"Day"}}},"Send_an_email_notification_(V3)_3":{"runAfter":{"Delay":["Succeeded"]},"type":"OpenApiConnection","inputs":{"host":{"apiId":"/providers/Microsoft.PowerApps/apis/shared_sendmail","connectionName":"shared_sendmail","operationId":"SendEmailV3"},"parameters":{"request/to":"@{outputs('Get_user_profile_(V2)_--_Initiator')?['body/mail']};","request/subject":"Geht nicht","request/text":"<p>schade</p>"},"authentication":{"value":"@json(decodeBase64(triggerOutputs().headers['X-MS-APIM-Tokens']))['$ConnectionKey']","type":"Raw"}}},"Terminate_3":{"runAfter":{"Send_an_email_notification_(V3)_3":["Succeeded"]},"type":"Terminate","inputs":{"runStatus":"Succeeded"}}},"outputs":{}},"connectionReferences":{"shared_sharepointonline":{"connectionName":"shared-sharepointonl-1dc87e29-6dd8-4e68-a3e9-5cf3-fc79f965","source":"Invoker","id":"/providers/Microsoft.PowerApps/apis/shared_sharepointonline","tier":"NotSpecified"},"shared_office365users":{"connectionName":"shared-office365user-0fa0cd70-34e9-48fe-824d-6a4f-73470b08","source":"Invoker","id":"/providers/Microsoft.PowerApps/apis/shared_office365users","tier":"NotSpecified"},"shared_sendmail":{"connectionName":"shared-sendmail-b3a708ae-ffa5-4ca0-ba32-fe53-51eaacda","source":"Invoker","id":"/providers/Microsoft.PowerApps/apis/shared_sendmail","tier":"NotSpecified"},"shared_office365":{"connectionName":"shared-office365-12f1d3c9-5537-4286-92fb-8fe6-4be97dc6","source":"Invoker","id":"/providers/Microsoft.PowerApps/apis/shared_office365","tier":"NotSpecified"},"shared_approvals":{"connectionName":"shared-approvals-0dd35fdc-97d2-43ce-a1e3-2cc2-0be97689","source":"Invoker","id":"/providers/Microsoft.PowerApps/apis/shared_approvals","tier":"NotSpecified"}},"flowFailureAlertSubscribed":false}}