{"schemaVersion":"1.0","appDefinitionTemplate":{"id":"/providers/Microsoft.PowerApps/apps/","type":"Microsoft.PowerApps/apps","tags":{"primaryDeviceWidth":"1366","primaryDeviceHeight":"768","sienaVersion":"20210922T155857Z-3.21091.38.0","deviceCapabilities":"","supportsPortrait":"true","supportsLandscape":"true","primaryFormFactor":"Tablet","publisherVersion":"3.21091.38","minimumRequiredApiVersion":"2.2.0","hasComponent":"false","hasUnlockedComponent":"false","isUnifiedRootApp":"false"},"properties":{"appVersion":"2021-09-22T15:58:57Z","lifeCycleId":"Published","createdByClientVersion":{"major":3,"minor":21091,"build":38,"revision":0,"majorRevision":0,"minorRevision":0},"minClientVersion":{"major":3,"minor":21091,"build":38,"revision":0,"majorRevision":0,"minorRevision":0},"backgroundColor":"rgba(0, 176, 240, 1)","backgroundImageUri":"/180553130576977335/N2581d6fd-f8b4-4a4a-a842-163def73011f-logoSmallFile","displayName":"GetData","description":"","commitMessage":"","appUris":{"documentUri":{"value":"/180553130576977335/N0ae11204-411b-47a8-85e4-31a0314c4174-document.msapp"},"imageUris":[]},"createdTime":"0001-01-01T00:00:00Z","lastModifiedTime":"0001-01-01T00:00:00Z","sharedGroupsCount":0,"sharedUsersCount":0,"icons":{"smallIconUri":"/180553130576977335/N2ff8f80e-c4ce-4647-b30e-aaed12412dff-small.png","mediumIconUri":"/180553130576977335/N8127bb47-c095-4418-86bb-9205d99dabef-medium.png","largeIconUri":"/180553130576977335/N29e3a48e-5f67-4bc6-8309-6a952824391c-large.png","wideIconUri":"/180553130576977335/N8f23184e-4044-45ad-803c-ebde1b5cf465-wide.png"},"connectionReferences":{"19a10706-5ebd-4893-836b-9de2accb4b27":{"id":"1d0d6809-f4cc-4eaa-9d15-1cbca5012230","displayName":"SharePoint","iconUri":"https://connectoricons-prod.azureedge.net/releases/v1.0.1487/1.0.1487.2472/sharepointonline/icon.png","dataSources":["PowerStations"],"dependencies":[],"dependents":["d419aacc-b247-49d9-adea-f43ab59c6bd8"],"parameterHints":{},"parameterHintsV2":{},"isOnPremiseConnection":false,"bypassConsent":false,"dataSets":{"https://m365x729848.sharepoint.com/sites/Inhouse":{"dataSources":{"PowerStations":{"tableName":"85cd9164-7412-41ff-881b-74a73eb447f9"}}}},"apiTier":"Standard","isCustomApiConnection":false,"actions":["providers/PowerPlatform.Governance/Operations/Read","providers/PowerPlatform.Governance/Operations/Write"]},"d419aacc-b247-49d9-adea-f43ab59c6bd8":{"id":"e4e22f70-f2dd-4db5-aedc-d400e02d36d2","displayName":"Logic flows","iconUri":"https://connectoricons-prod.azureedge.net/releases/v1.0.1438/1.0.1438.2324/logicflows/icon.png","dataSources":["getDATA"],"dependencies":["19a10706-5ebd-4893-836b-9de2accb4b27"],"dependents":[],"parameterHints":{"workflowName":{"value":"b0daa311-4e31-4cf5-ae21-6528df0f7f8e"},"workflowEntityId":{},"19a10706-5ebd-4893-836b-9de2accb4b27":{"value":"shared_sharepointonline"}},"parameterHintsV2":{"workflowName":{"value":"b0daa311-4e31-4cf5-ae21-6528df0f7f8e"},"workflowEntityId":{},"shared_sharepointonline":{"value":"19a10706-5ebd-4893-836b-9de2accb4b27"}},"isOnPremiseConnection":false,"bypassConsent":false,"dataSets":{},"apiTier":"Standard","isCustomApiConnection":false,"actions":["Run"]},"2b83a920-1c9a-4199-aa5a-a1f5ff20e042":{"id":"87f0c821-272c-4ee4-aff1-592e5543b65c","displayName":"Office 365-Benutzer","iconUri":"https://connectoricons-prod.azureedge.net/releases/v1.0.1510/1.0.1510.2537/office365users/icon.png","dataSources":["Office365-Benutzer"],"dependencies":[],"dependents":[],"parameterHints":{},"parameterHintsV2":{},"isOnPremiseConnection":false,"bypassConsent":false,"dataSets":{},"apiTier":"Standard","isCustomApiConnection":false,"actions":["MyProfile"]}},"databaseReferences":{},"almMode":"Environment","performanceOptimizationEnabled":true,"canConsumeAppPass":true,"executionRestrictions":{"isTeamsOnly":false,"dataLossPreventionEvaluationResult":{"status":"Compliant","lastEvaluationDate":"2021-09-21T16:31:29.6122642Z","violations":[],"violationsByPolicy":[],"violationErrorMessage":"Die App verwendet die folgenden Connectors: shared_sharepointonline, shared_logicflows."}}},"appType":"ClassicCanvasApp","appComponents":[]}}